{
  "rounds": 5,
  "times_seconds": [
    0.0029617999971378595,
    0.0017604999884497374,
    0.0023849999997764826,
    0.001632300001801923,
    0.0015540999884251505
  ],
  "average_seconds": 0.0020587399951182304,
  "min_seconds": 0.0015540999884251505,
  "max_seconds": 0.0029617999971378595,
  "rows_returned": 1000
}