{
  "rounds": 5,
  "times_seconds": [
    0.10412169998744503,
    0.005364000011468306,
    0.004535299987765029,
    0.010355699982028455,
    0.004243999981554225
  ],
  "average_seconds": 0.025724139990052207,
  "min_seconds": 0.004243999981554225,
  "max_seconds": 0.10412169998744503,
  "rows_returned": 1000
}