{
  "rounds": 5,
  "times_seconds": [
    0.003397899999981746,
    0.001965500006917864,
    0.0020985000010114163,
    0.0018119000014849007,
    0.0021932999952696264
  ],
  "average_seconds": 0.002293420000933111,
  "min_seconds": 0.0018119000014849007,
  "max_seconds": 0.003397899999981746,
  "rows_returned": 1000
}